INSERT INTO Locais (Cidade, Estado, Regiao) VALUES
('São Paulo', 'SP', 'Sudeste'),
('Rio de Janeiro', 'RJ', 'Sudeste'),
('Belo Horizonte', 'MG', 'Sudeste'),
('Curitiba', 'PR', 'Sul'),
('Porto Alegre', 'RS', 'Sul'),
('Salvador', 'BA', 'Nordeste'),
('Fortaleza', 'CE', 'Nordeste'),
('Brasília', 'DF', 'Centro-Oeste'),
('Manaus', 'AM', 'Norte'),
('Recife', 'PE', 'Nordeste');

INSERT INTO Categorias (Categoria) VALUES
('Eletrônicos'),
('Móveis'),
('Roupas'),
('Alimentos'),
('Brinquedos'),
('Livros'),
('Esportes'),
('Beleza'),
('Automotivo'),
('Utilidades Domésticas');

INSERT INTO Lojas (Loja, Gerente, Endereco, Num_funcionarios, Telefone) VALUES
('Rio de Janeiro', 'Srta. Ana Júlia Cavalcanti', 'Recanto de das Neves, 8, Bom Jesus, 98791588 Azevedo / AC', 50, '+55 51 0491 0095'),
('Belo Horizonte', 'Eduarda da Conceição', 'Esplanada Moreira, Grota, 38435172 Moura do Sul / MT', 17, '21 3174-9367'),
('Curitiba', 'Daniel Barbosa', 'Núcleo Oliveira, Monte São José, 41208091 Gomes / MA', 11, '+55 (081) 1934 9979'),
('Porto Alegre', 'Brenda Nunes', 'Feira Azevedo, 15, Vista Alegre, 95779-313 Correia da Serra / MA', 27, '84 9322 8851'),
('Salvador', 'Alexia Lima', 'Alameda de Rezende, 49, Vila São Geraldo, 26710765 Nascimento da Praia / GO', 25, '0500 295 7110'),
('Fortaleza', 'Laís Rodrigues', 'Vila Matheus Azevedo, Vila Paraíso, 97724691 Monteiro do Galho / MG', 24, '+55 84 3976-9400'),
('Brasília', 'Dr. Igor Ramos', 'Praia de Rezende, 12, Vila Santa Monica 2ª Seção, 07640-269 Peixoto / PE', 48, '+55 (038) 0643-2556'),
('Manaus', 'Carlos Cardoso', 'Rua de Souza, 58, Jardim Nova Aliança, 22407-805 Almeida / PB', 35, '61 4105-2457'),
('Recife', 'André Vieira', 'Estação de da Costa, 93, Vila Boa Esperança, 41540-430 Nogueira / RS', 30, '0800 663 8654'),
('São Paulo', 'Vanessa da Cunha', 'Rampa Martins, 72, Vila Bela, 67100-592 Pinto / SC', 38, '+55 (079) 9433-0782');

INSERT INTO Produtos (Nome_produto, ID_Categoria, Marca_produto, Num_serie, Preco_unit, Custo_unit) VALUES
('Cenoura B932', 2, 'Ferreira, Cardoso e Teixeira', 'SN5734', 1440, 910.08),
('Pudim H329', 6, 'Silva e Associados', 'SN7705', 1650, 1065.0),
('Faca G909', 9, 'Martins S/A', 'SN8465', 2834, 1813.76),
('Toalha Y473', 10, 'Ferraz e Associados', 'SN4162', 1929, 1013.58),
('Tijolo W950', 9, 'Barros Ltda.', 'SN9248', 584, 328.48),
('Janela D107', 1, 'Ferraz e Associados', 'SN3601', 1351, 864.64),
('Corda Q407', 5, 'Sales Comércio', 'SN1225', 2736, 1393.68),
('Açúcar N174', 4, 'Carvalho Comércio', 'SN4040', 960, 489.6),
('Espelho P366', 7, 'Rodrigues, Alves e Ribeiro', 'SN1145', 2849, 1566.95),
('Copo Z481', 4, 'Ramos Comércio', 'SN2607', 1275, 663.0),
('Chave E367', 8, 'Gonçalves Participações', 'SN2246', 1018, 458.1),
('Brinco R410', 3, 'Farias Participações', 'SN8266', 623, 353.65),
('Papel K419', 6, 'Ferreira, Cardoso e Teixeira', 'SN7433', 982, 589.2),
('Livro G830', 6, 'Costa, Pires e Almeida', 'SN3155', 254, 114.3),
('Cadeira U260', 2, 'Ferraz e Associados', 'SN2826', 1976, 1283.4),
('Tênis W324', 7, 'Sales Comércio', 'SN3383', 2744, 1234.8),
('Sabonete J679', 8, 'Ramos Comércio', 'SN7152', 210, 115.5),
('Tapete F593', 2, 'Lima S/A', 'SN2611', 2337, 1402.2),
('Bola A473', 7, 'Costa, Pires e Almeida', 'SN9908', 2020, 1050.6),
('Liquidificador M174', 1, 'Silva e Associados', 'SN4513', 1034, 597.72);

INSERT INTO Clientes (Nome, Sobrenome, Data_nascimento, Estado_civil, Sexo, Email, Telefone, Renda_anual, Qtd_filhos, Escolaridade) VALUES
('Eduardo', 'Costa', '1975-06-14', 'Casado', 'Masculino', 'eduardo.costa@example.net', '(85) 93893-7645', 87855, 0, 'Pós-graduação'),
('Camila', 'Moreira', '1988-11-24', 'Solteiro', 'Feminino', 'camila.moreira@example.com', '(24) 24675-2240', 79888, 2, 'Superior'),
('André', 'Lima', '1969-03-02', 'Casado', 'Masculino', 'andre.lima@example.org', '(82) 72856-3895', 43402, 3, 'Médio'),
('Mariana', 'Oliveira', '1981-07-10', 'Divorciado', 'Feminino', 'mariana.oliveira@example.net', '(93) 64721-8430', 71011, 0, 'Superior'),
('Rodrigo', 'Fernandes', '1974-01-19', 'Viúvo', 'Masculino', 'rodrigo.fernandes@example.com', '(92) 32776-1032', 90288, 1, 'Fundamental'),
('Fernanda', 'Martins', '1992-12-05', 'Solteiro', 'Feminino', 'fernanda.martins@example.org', '(61) 82993-1174', 69047, 2, 'Superior'),
('Ricardo', 'Moura', '1985-04-30', 'Casado', 'Masculino', 'ricardo.moura@example.com', '(74) 18524-7329', 114025, 0, 'Médio'),
('Larissa', 'Silva', '1978-08-21', 'Divorciado', 'Feminino', 'larissa.silva@example.net', '(83) 73249-0281', 35468, 3, 'Fundamental'),
('Gustavo', 'Pereira', '1990-09-07', 'Solteiro', 'Masculino', 'gustavo.pereira@example.org', '(19) 50231-1846', 47661, 0, 'Pós-graduação'),
('Juliana', 'Cardoso', '1986-11-13', 'Casado', 'Feminino', 'juliana.cardoso@example.com', '(11) 38270-7102', 55231, 2, 'Superior'),
('Leonardo', 'Ribeiro', '1972-02-08', 'Casado', 'Masculino', 'leonardo.ribeiro@example.com', '(31) 95023-8471', 103554, 1, 'Pós-graduação'),
('Paula', 'Azevedo', '1980-06-18', 'Solteiro', 'Feminino', 'paula.azevedo@example.net', '(41) 67095-4197', 84766, 0, 'Superior'),
('Thiago', 'Cavalcanti', '1991-01-22', 'Solteiro', 'Masculino', 'thiago.cavalcanti@example.org', '(71) 22038-0955', 32457, 1, 'Médio'),
('Amanda', 'Barros', '1976-09-30', 'Divorciado', 'Feminino', 'amanda.barros@example.org', '(27) 90324-4918', 44563, 2, 'Superior'),
('Bruno', 'Freitas', '1983-03-27', 'Casado', 'Masculino', 'bruno.freitas@example.net', '(85) 19428-8192', 75215, 0, 'Pós-graduação'),
('Débora', 'Medeiros', '1987-05-09', 'Solteiro', 'Feminino', 'debora.medeiros@example.com', '(13) 74382-1132', 62199, 1, 'Superior'),
('Fábio', 'Souza', '1965-10-14', 'Viúvo', 'Masculino', 'fabio.souza@example.net', '(88) 82043-7691', 99956, 2, 'Fundamental'),
('Priscila', 'Almeida', '1993-07-22', 'Casado', 'Feminino', 'priscila.almeida@example.com', '(98) 59821-5476', 56390, 0, 'Médio'),
('Lucas', 'Rocha', '1982-04-05', 'Divorciado', 'Masculino', 'lucas.rocha@example.org', '(21) 39475-0395', 82314, 2, 'Superior'),
('Tatiane', 'Nunes', '1970-08-11', 'Viúvo', 'Feminino', 'tatiane.nunes@example.net', '(96) 60938-6847', 32476, 4, 'Fundamental');

INSERT INTO Pedidos (Data_venda, ID_Loja, ID_Produto, ID_Cliente, Qtd_vendida, Preco_unit, Custo_unit, Receita_venda, Custo_venda) VALUES
('2024-01-28', 5, 8, 3, 4, 1950, 1220.0, 7800, 4880.0),
('2023-11-05', 2, 1, 9, 2, 820, 614.4, 1640, 1228.8),
('2023-08-17', 3, 15, 11, 1, 2530, 1821.6, 2530, 1821.6),
('2024-03-04', 4, 3, 2, 3, 1020, 714.0, 3060, 2142.0),
('2023-12-20', 1, 10, 19, 2, 1300, 845.0, 2600, 1690.0),
('2024-02-10', 7, 14, 5, 5, 420, 294.0, 2100, 1470.0),
('2023-06-13', 10, 9, 7, 1, 2980, 1788.0, 2980, 1788.0),
('2024-01-01', 6, 6, 18, 4, 1740, 1131.0, 6960, 4524.0),
('2023-10-10', 9, 11, 10, 1, 960, 576.0, 960, 576.0),
('2024-04-05', 8, 5, 6, 2, 1100, 660.0, 2200, 1320.0),
('2023-05-23', 1, 7, 4, 3, 2300, 1558.0, 6900, 4674.0),
('2023-07-19', 2, 12, 15, 5, 315, 204.75, 1575, 1023.75),
('2024-01-15', 3, 4, 14, 2, 1420, 922.0, 2840, 1844.0),
('2024-03-18', 4, 16, 1, 1, 890, 623.0, 890, 623.0),
('2023-12-31', 5, 2, 8, 4, 1850, 1480.0, 7400, 5920.0),
('2023-06-30', 6, 13, 12, 1, 730, 511.0, 730, 511.0),
('2023-08-25', 7, 20, 20, 3, 1980, 1227.0, 5940, 3681.0),
('2023-11-10', 8, 17, 13, 2, 720, 432.0, 1440, 864.0),
('2024-02-05', 9, 19, 17, 4, 1875, 1312.5, 7500, 5250.0),
('2023-09-14', 10, 18, 16, 1, 2510, 1506.0, 2510, 1506.0),
('2023-12-07', 1, 6, 9, 2, 1145, 801.5, 2290, 1603.0),
('2024-01-20', 2, 8, 7, 5, 1575, 1023.75, 7875, 5118.75),
('2024-03-11', 3, 10, 19, 1, 1990, 1393.0, 1990, 1393.0),
('2023-07-29', 4, 15, 6, 3, 2130, 1491.0, 6390, 4473.0),
('2023-10-02', 5, 3, 18, 2, 1670, 1252.5, 3340, 2505.0),
('2024-02-28', 6, 14, 11, 1, 680, 476.0, 680, 476.0),
('2023-09-05', 7, 7, 2, 4, 2210, 1350.0, 8840, 5400.0),
('2024-03-23', 8, 13, 4, 2, 1540, 831.6, 3080, 1663.2),
('2023-08-02', 9, 12, 5, 3, 890, 623.0, 2670, 1869.0),
('2024-04-10', 10, 1, 14, 5, 820, 533.0, 4100, 2665.0),
('2023-11-27', 1, 16, 3, 1, 1830, 1226.4, 1830, 1226.4);
